<?xml version="1.0" encoding="UTF-8"?>

<movement_area>
        <name>Asturias</name>
        <ICAO>LEAS</ICAO>
        <IATA>OVD</IATA>
        <TA units="ft">5000</TA>
        
        <Vehicles>
            <Aircraft>
                <Size>Large</Size>
                <Priority>Large</Priority>
                <Model>B747</Model>
                <Velocity units="km/h">988</Velocity>
            </Aircraft>
            <Aircraft>
                <Size>Medium</Size>
                <Priority>Large</Priority>
                <Model>A319</Model>  
                <Velocity units="km/h">871</Velocity>
            </Aircraft>
            <Aircraft>
                 <Size>Small</Size>
                 <Priority>Large</Priority>
                 <Model>ATR-42</Model>
                 <Velocity units="km/h">556</Velocity>
            </Aircraft>
            <FollowMe>
                <Velocity units="km/h">70</Velocity>
                <Priority>Medium</Priority>
            </FollowMe>
            <BaggageTractor>
                <Velocity units="km/h">70</Velocity>
                <Priority>Small</Priority>
            </BaggageTractor>
            <Fuel>
                <Velocity units="km/h">70</Velocity>
                <Priority>Small</Priority>
            </Fuel>
        </Vehicles>
        <Apron>
            <Side1>
                <Side id="1">
                    <latitude>
                        <decimal_degrees>43.558536</decimal_degrees>
                    </latitude>
                    <longitude>
                        <decimal_degrees>-6.027378</decimal_degrees>
                    </longitude>
                </Side>
                <Side id="2">
                    <latitude> 
                        <decimal_degrees>43.559411</decimal_degrees>
                    </latitude>
                    <longitude>
                        <decimal_degrees>-6.026950</decimal_degrees>
                    </longitude>
                </Side>
            </Side1>
            <Side2>
                <Side id="1">
                    <latitude>
                        <decimal_degrees>43.558536</decimal_degrees>
                    </latitude>
                    <longitude>
                        <decimal_degrees>-6.027378</decimal_degrees>
                    </longitude>
                </Side>
                <Side id="2">
                    <latitude>
                        <decimal_degrees>43.560231</decimal_degrees>
                    </latitude>
                    <longitude>
                        <decimal_degrees>-6.034592</decimal_degrees>
                    </longitude>
                </Side>
            </Side2>
            <Side3>
                <Side id="1">
                    <latitude>
                        <decimal_degrees>43.560231</decimal_degrees>
                    </latitude>
                    <longitude>
                        <decimal_degrees>-6.034592</decimal_degrees>
                    </longitude>
                </Side>
                <Side id="2">
                    <latitude>
                        <decimal_degrees>43.561133</decimal_degrees>
                    </latitude>
                    <longitude>
                        <decimal_degrees>-6.034194</decimal_degrees>
                    </longitude>
                </Side>
            </Side3>
            <Side4>
                <Side id="1">
                    <latitude>
                        <decimal_degrees>43.561133</decimal_degrees>
                    </latitude>
                    <longitude>
                        <decimal_degrees>-6.034194</decimal_degrees>
                    </longitude>
                </Side>
                <Side id="2">
                    <latitude> 
                    <decimal_degrees>43.559411</decimal_degrees>
                </latitude>
                <longitude>
                    <decimal_degrees>-6.026950</decimal_degrees>
                </longitude>
            </Side>
            </Side4>
        </Apron>
        <ARP>
            <latitude>
                <decimal_degrees>43.563611</decimal_degrees>
            </latitude>
            <longitude>
                <decimal_degrees>-6.034722</decimal_degrees>
            </longitude>
            <elevation units="m">126</elevation>
          
        </ARP>
        <runways>
            <Vehicle>
                <Type>Aircraft</Type>
            </Vehicle>
            <RWY id="11">
                <direction>
                    <type>unidireccional</type>
                </direction>
               
                <description>11 runway</description>
                <latitude>
                    <decimal_degrees>43.56664</decimal_degrees>
                </latitude>
                <longitude>
                    <decimal_degrees>-6.0475917</decimal_degrees>
                </longitude>
                <elevation units="m">122</elevation>
                <orientation units="degrees">109</orientation>
            </RWY>
            <RWY id="29">
                <direction>
                    <type>unidireccional</type>
                </direction>
                <Vehicle>
                    <Type>Aircraft</Type>
                </Vehicle>
                <latitude>
                    <decimal_degrees>43.5604972</decimal_degrees>
                </latitude>
                <longitude>
                    <decimal_degrees>-6.02165</decimal_degrees>
                </longitude>
                <elevation units="m">121.5</elevation>
                <orientation units="degrees">289</orientation>
            </RWY>
            <rwy_exit id="THR11">
                <Velocity units="km/h">93</Velocity>
                <direction>
                    <type>bidireccional</type>
                </direction>
                <entry id="1">
                    <latitude>
                        <decimal_degrees>43.56664</decimal_degrees>
                    </latitude>
                    <longitude>
                        <decimal_degrees>-6.0475917</decimal_degrees>
                    </longitude>    
                </entry>
                <entry id="2">
                    <latitude>
                        <decimal_degrees>43.566089</decimal_degrees>
                    </latitude>
                    <longitude>
                        <decimal_degrees>-6.047750</decimal_degrees>
                    </longitude>   
                </entry>
                <entry id="3">
                    <latitude>
                        <decimal_degrees>43.56564</decimal_degrees>
                    </latitude>
                    <longitude>
                        <decimal_degrees>-6.04741</decimal_degrees>
                    </longitude>   
                </entry>
            </rwy_exit>
            <rwy_exit id="THR29">
                <Velocity units="km/h">93</Velocity>
                <direction>
                    <type>bidireccional</type>
                </direction>
                <entry id="1">
                    <latitude>
                        <decimal_degrees>43.5604972</decimal_degrees>
                    </latitude>
                    <longitude>
                        <decimal_degrees>-6.02165</decimal_degrees>
                    </longitude>    
                </entry>
                <entry id="2">
                    <latitude>
                        <decimal_degrees>43.560017</decimal_degrees>
                    </latitude>
                    <longitude>
                        <decimal_degrees>-6.021997</decimal_degrees>
                    </longitude>  
                </entry>
                <entry id="3">
                    <latitude>
                        <decimal_degrees>43.55979</decimal_degrees>
                    </latitude>
                    <longitude>
                        <decimal_degrees>-6.02271</decimal_degrees>
                    </longitude>  
                </entry>
            </rwy_exit>
            <rwy_exit id="RETD">
                <Velocity units="km/h">93</Velocity>
                <direction>
                    <type>unidireccional</type>
                </direction>
                <entry id="1">
                    <latitude>
                        <decimal_degrees>43.565017</decimal_degrees>
                    </latitude>
                    <longitude>
                        <decimal_degrees>-6.040892</decimal_degrees>
                    </longitude>    
                </entry>
                <entry id="2">
                    <Velocity units="kts">10</Velocity>
                    <latitude>
                        <decimal_degrees>43.56477</decimal_degrees>
                    </latitude>
                    <longitude>
                        <decimal_degrees>-6.04320</decimal_degrees>
                    </longitude>  
                </entry>
                  <entry id="3">
                    <latitude>
                        <decimal_degrees>43.564694</decimal_degrees>
                    </latitude>
                    <longitude>
                        <decimal_degrees>-6.043478</decimal_degrees>
                    </longitude>
                </entry>
                <entry id="4">
                    <latitude>
                        <decimal_degrees>43.564572</decimal_degrees>
                    </latitude>
                    <longitude>
                        <decimal_degrees>-6.043739</decimal_degrees>
                    </longitude>  
                </entry>43.564294, -6.043789
                <entry id="5">
                    <latitude>
                        <decimal_degrees>43.564347</decimal_degrees>
                    </latitude>
                    <longitude>
                        <decimal_degrees>-6.043736</decimal_degrees>
                    </longitude>
                </entry>
                <entry id="6">
                    <latitude>
                        <decimal_degrees>43.564197</decimal_degrees>
                    </latitude>
                    <longitude>
                        <decimal_degrees>-6.043711</decimal_degrees>
                    </longitude>
                </entry>
                <entry id="7">
                    <latitude>
                        <decimal_degrees>43.564044</decimal_degrees>
                    </latitude>
                    <longitude>
                        <decimal_degrees>-6.043594</decimal_degrees>
                    </longitude>  
                </entry>
            </rwy_exit>
            <rwy_exit id="EC">
                <Velocity units="km/h">93</Velocity>
                <direction>
                    <type>unidireccional</type>
                </direction>
                <entry id="1">
                    <latitude>
                        <decimal_degrees>43.56282</decimal_degrees>
                    </latitude>
                    <longitude>
                        <decimal_degrees>-6.03143</decimal_degrees>
                    </longitude>    
                </entry>
                <entry id="2">
                    <latitude>
                        <decimal_degrees>43.56206</decimal_degrees>
                    </latitude>
                    <longitude>
                        <decimal_degrees>-6.03179</decimal_degrees>
                    </longitude>  
                </entry>
            </rwy_exit>
        </runways>
        <taxiways>
            <Vehicle>
                <Type>Aircraft</Type>
                <Type>FollowMe</Type>
                <Type>BaggageTractor</Type>
                <Type>Fuel</Type>
            </Vehicle>
            
            <Velocity units="km/h">55</Velocity>
            <TWY id="T">
                <direction>
                    <type>bidireccional</type>
                </direction>
                <holding_point id="T1">
                    <latitude>
                        <decimal_degrees>43.55979</decimal_degrees>
                    </latitude>
                    <longitude>
                        <decimal_degrees>-6.02271</decimal_degrees>
                    </longitude>
                </holding_point>
                <holding_point id="TB1">
                    <latitude>
                        <decimal_degrees>43.55988</decimal_degrees>
                    </latitude>
                    <longitude>
                        <decimal_degrees>-6.02607</decimal_degrees>
                    </longitude>
                </holding_point>
                <holding_point id="TB2">
                    <latitude>
                        <decimal_degrees>43.56042</decimal_degrees>
                    </latitude>
                    <longitude>
                        <decimal_degrees>-6.02834</decimal_degrees>
                    </longitude>
                </holding_point>
                <holding_point id="TB3">
                    <latitude>
                        <decimal_degrees>43.56068</decimal_degrees>
                    </latitude>
                    <longitude>
                        <decimal_degrees>-6.02945</decimal_degrees>
                    </longitude>
                </holding_point>
                <holding_point id="TA1">
                    <latitude>
                        <decimal_degrees>43.56118</decimal_degrees>
                    </latitude>
                    <longitude>
                        <decimal_degrees>-6.03156</decimal_degrees>
                    </longitude>
                </holding_point>
                <holding_point id="TA2">
                    <latitude>
                        <decimal_degrees>43.56143</decimal_degrees>
                    </latitude>
                    <longitude>
                        <decimal_degrees>-6.03260</decimal_degrees>
                    </longitude>
                </holding_point>
                <holding_point id="TE">
                    <latitude>
                        <decimal_degrees>43.56421</decimal_degrees>
                    </latitude>
                    <longitude>
                        <decimal_degrees>-6.04435</decimal_degrees>
                    </longitude>
                </holding_point>
                <holding_point id="T2">
                    <latitude>
                        <decimal_degrees>43.56564</decimal_degrees>
                    </latitude>
                    <longitude>
                        <decimal_degrees>-6.04741</decimal_degrees>
                    </longitude>
                </holding_point>
                <crossing_point id="TB">
                    <latitude>
                        <decimal_degrees>43.55988</decimal_degrees>
                    </latitude>
                    <longitude>
                        <decimal_degrees>-6.02607</decimal_degrees>
                    </longitude>
                </crossing_point>
                <crossing_point id="TA">
                    <latitude>
                        <decimal_degrees>43.56201</decimal_degrees>
                    </latitude>
                    <longitude>
                        <decimal_degrees>-6.03504</decimal_degrees>
                    </longitude>
                </crossing_point>
                <crossing_point id="TAE">
                    <latitude>
                        <decimal_degrees>43.56295</decimal_degrees>
                    </latitude>
                    <longitude>
                        <decimal_degrees>-6.03902</decimal_degrees>
                    </longitude>
                </crossing_point>
                 <holding_point id="TE">
                    <latitude>
                        <decimal_degrees>43.56421</decimal_degrees>
                    </latitude>
                    <longitude>
                        <decimal_degrees>-6.04435</decimal_degrees>
                    </longitude>
                </holding_point>
                <crossing_point id="TAR">
                    <latitude>
                        <decimal_degrees>43.563472</decimal_degrees>
                    </latitude>
                    <longitude>
                        <decimal_degrees>-6.034372</decimal_degrees>
                    </longitude>
                </crossing_point>

                <corner id="C1">
                    <entry id="1">
                        <latitude>
                            <decimal_degrees>43.55955</decimal_degrees>
                        </latitude>
                        <longitude>
                            <decimal_degrees>-6.02336</decimal_degrees>
                        </longitude>    
                    </entry>
                    <entry id="2">
                        <latitude>
                            <decimal_degrees>43.559431</decimal_degrees>
                        </latitude>
                        <longitude>
                            <decimal_degrees>-6.023839</decimal_degrees>
                        </longitude>    
                    </entry>
                </corner>
                <corner id="C2">
                    <entry id="1">
                         <latitude>
                            <decimal_degrees>43.56469</decimal_degrees>
                        </latitude>
                        <longitude>
                            <decimal_degrees>-6.04634</decimal_degrees>
                        </longitude>
                    </entry>
                    <entry id="2">
                        <latitude>
                            <decimal_degrees>43.564847</decimal_degrees>
                        </latitude>
                        <longitude>
                            <decimal_degrees>-6.046761</decimal_degrees>
                        </longitude>    
                    </entry>
                    <entry id="3">
                         <latitude>
                            <decimal_degrees>43.56514</decimal_degrees>
                        </latitude>
                        <longitude>
                            <decimal_degrees>-6.04705</decimal_degrees>
                        </longitude>
                    </entry>
                </corner>
            </TWY>
            <TWY id="Ap">
                <crossing_point id="TL1">
                    <direction>
                        <type>bidireccional</type>
                    </direction>
                    <latitude>
                        <decimal_degrees>43.56100</decimal_degrees>
                    </latitude>
                    <longitude>
                        <decimal_degrees>-6.03411</decimal_degrees>
                    </longitude>
                </crossing_point>
                <crossing_point id="TL2">
                    <latitude>
                        <decimal_degrees>43.56081</decimal_degrees>
                    </latitude>
                    <longitude>
                        <decimal_degrees>-6.03328</decimal_degrees>
                    </longitude>
                </crossing_point>
                <crossing_point id="TL3">
                    <latitude>
                        <decimal_degrees>43.56058</decimal_degrees>
                    </latitude>
                    <longitude>
                        <decimal_degrees>-6.03232</decimal_degrees>
                    </longitude>
                </crossing_point>
                <crossing_point id="TL4">
                    <latitude>
                        <decimal_degrees>43.56035</decimal_degrees>
                    </latitude>
                    <longitude>
                        <decimal_degrees>-6.03135</decimal_degrees>
                    </longitude>
                </crossing_point>
                <crossing_point id="TL5">
                    <latitude>
                        <decimal_degrees>43.56018</decimal_degrees>
                    </latitude>
                    <longitude>
                        <decimal_degrees>-6.03063</decimal_degrees>
                    </longitude>
                </crossing_point>
                <crossing_point id="TL6">
                    <latitude>
                        <decimal_degrees>43.56001</decimal_degrees>
                    </latitude>
                    <longitude>
                        <decimal_degrees>-6.02992</decimal_degrees>
                    </longitude>
                </crossing_point>
                <crossing_point id="TL7">
                    <latitude>
                        <decimal_degrees>43.55984</decimal_degrees>
                    </latitude>
                    <longitude>
                        <decimal_degrees>-6.02920</decimal_degrees>
                    </longitude>
                </crossing_point>
                <crossing_point id="TL8">
                    <latitude>
                        <decimal_degrees>43.55965</decimal_degrees>
                    </latitude>
                    <longitude>
                        <decimal_degrees>-6.02839</decimal_degrees>
                    </longitude>
                </crossing_point>
                <crossing_point id="TL9">
                    <latitude>
                        <decimal_degrees>43.55939</decimal_degrees>
                    </latitude>
                    <longitude>
                        <decimal_degrees>-6.02728</decimal_degrees>
                    </longitude>
                </crossing_point>
                <crossing_point id="AAp">
                    <latitude>
                        <decimal_degrees>43.56061</decimal_degrees>
                    </latitude>
                    <longitude>
                        <decimal_degrees>-6.03244</decimal_degrees>
                    </longitude>
                </crossing_point>
                <crossing_point id="BAp">
                    <latitude>
                        <decimal_degrees>43.55984</decimal_degrees>
                    </latitude>
                    <longitude>
                        <decimal_degrees>-6.02920</decimal_degrees>
                    </longitude>
                </crossing_point>
            </TWY>
            <TWY id="A">
                <direction>
                    <type>bidireccional</type>
                </direction>
                <crossing_point id="AAp">
                    <latitude>
                        <decimal_degrees>43.56061</decimal_degrees>
                    </latitude>
                    <longitude>
                        <decimal_degrees>-6.03244</decimal_degrees>
                    </longitude>
                </crossing_point>
                <crossing_point id="AT">
                    <latitude>
                        <decimal_degrees>43.56091</decimal_degrees>
                    </latitude>
                    <longitude>
                        <decimal_degrees>-6.03230</decimal_degrees>
                    </longitude>
                </crossing_point>
            </TWY>
            <TWY id="B">
                <direction>
                    <type>bidireccional</type>
                </direction>
                <crossing_point id="BAp">
                    <latitude>
                        <decimal_degrees>43.55984</decimal_degrees>
                    </latitude>
                    <longitude>
                        <decimal_degrees>-6.02920</decimal_degrees>
                    </longitude>
                </crossing_point>
                <crossing_point id="BT">
                    <latitude>
                        <decimal_degrees>43.56015</decimal_degrees>
                    </latitude>
                    <longitude>
                        <decimal_degrees>-6.02908</decimal_degrees>
                    </longitude>
                </crossing_point>
            </TWY>
            <TWY id="C">
                <direction>
                    <type>bidireccional</type>
                </direction>
                <holding_point id="C1">
                    <latitude>
                        <decimal_degrees>43.56206</decimal_degrees>
                    </latitude>
                    <longitude>
                        <decimal_degrees>-6.03179</decimal_degrees>
                    </longitude>
                </holding_point>
                <holding_point id="CT">
                    <latitude>
                        <decimal_degrees>43.56180</decimal_degrees>
                    </latitude>
                    <longitude>
                        <decimal_degrees>-6.03191</decimal_degrees>
                    </longitude>
                </holding_point>
            </TWY>
            <TWY id="D">
                <direction>
                    <type>bidireccional</type>
                </direction>
                <holding_point id="C1">
                    <latitude>
                        <decimal_degrees>43.56206</decimal_degrees>
                    </latitude>
                    <longitude>
                        <decimal_degrees>-6.03179</decimal_degrees>
                    </longitude>
                </holding_point>
                <holding_point id="CT">
                    <latitude>
                        <decimal_degrees>43.56180</decimal_degrees>
                    </latitude>
                    <longitude>
                        <decimal_degrees>-6.03191</decimal_degrees>
                    </longitude>
                </holding_point>
            </TWY>
        </taxiways>
        <stands>
            <Vehicle>
                <Type>Aircraft</Type>
                <Type>FollowMe</Type>
                <Type>BaggageTractor</Type>
                <Type>Fuel</Type>
            </Vehicle>
            <Velocity units="km/h">6</Velocity>
            <Sd id="1">
                <description>Stand 1</description>
                <latitude>
                    <decimal_degrees>43.56032222</decimal_degrees>
                </latitude>
                <longitude>
                    <decimal_degrees>-6.034136111</decimal_degrees>
                </longitude> 
            </Sd>
            <Sd id="2">
                <description>Stand 2</description>
                <latitude>
                    <decimal_degrees>43.56023889</decimal_degrees>
                </latitude>
                <longitude>
                    <decimal_degrees>-6.033441667</decimal_degrees>
                </longitude> 
            </Sd>
            <Sd id="3">
                <description>Stand 3</description>
                <latitude>
                    <decimal_degrees>43.56011111</decimal_degrees>
                </latitude>
                <longitude>
                    <decimal_degrees>-6.032719444</decimal_degrees>
                </longitude> 
            </Sd>
            <Sd id="4">
                <description>Stand 4</description>
                <latitude>
                    <decimal_degrees>43.55991944</decimal_degrees>
                </latitude>
                <longitude>
                    <decimal_degrees>-6.031938889</decimal_degrees>
                </longitude> 
            </Sd>
            <Sd id="5">
                <description>Stand 5</description>
                <latitude>
                    <decimal_degrees>43.55963056</decimal_degrees>
                </latitude>
                <longitude>
                    <decimal_degrees>-6.031069444</decimal_degrees>
                </longitude> 
            </Sd>
            <Sd id="6">
                <description>Stand 6</description>
                <latitude>
                    <decimal_degrees>43.55945</decimal_degrees>
                </latitude>
                <longitude>
                    <decimal_degrees>-6.030222222</decimal_degrees>
                </longitude> 
            </Sd>
            <Sd id="7">
                <description>Stand 7</description>
                <latitude>
                    <decimal_degrees>43.55923889</decimal_degrees>
                </latitude>
                <longitude>
                    <decimal_degrees>-6.029422222</decimal_degrees>
                </longitude> 
            </Sd>
            <Sd id="8">
                <description>Stand 8</description>
                <latitude>
                    <decimal_degrees>43.55904722</decimal_degrees>
                </latitude>
                <longitude>
                    <decimal_degrees>-6.028608333</decimal_degrees>
                </longitude> 
            </Sd>
            <Sd id="9">
                <description>Stand 9</description>
                <latitude>
                    <decimal_degrees>43.55885278</decimal_degrees>
                </latitude>
                <longitude>
                    <decimal_degrees>-6.027788889</decimal_degrees>
                </longitude> 
            </Sd>
        </stands>
        
        <serviceroads>
            <Type>FollowMe</Type>
            <Type>BaggageTractor</Type>
            <Type>Fuel</Type>
        <sr id="TB">
            <entry id="1">
                    <latitude>
                        <decimal_degrees>43.559128</decimal_degrees>
                    </latitude>
                    <longitude>
                        <decimal_degrees>-6.026878</decimal_degrees>
                    </longitude>
            </entry>
            <entry id="2">
                 <latitude>
                     <decimal_degrees>43.559039</decimal_degrees>
                  </latitude>
                  <longitude>
                      <decimal_degrees>-6.026567</decimal_degrees>
                  </longitude>
            </entry>
            <entry id="3">
                 <latitude>
                     <decimal_degrees>43.559881</decimal_degrees>
                  </latitude>
                  <longitude>
                     <decimal_degrees>-6.026069</decimal_degrees>
                  </longitude>
            </entry>
            <entry id="4">
                <latitude>
                    <decimal_degrees>43.561317</decimal_degrees>
                </latitude>
                <longitude>
                    <decimal_degrees>-6.025244</decimal_degrees>
                </longitude>
            </entry>
        </sr>
            <sr id="PS">
                <entry id="1">
                    <latitude>
                        <decimal_degrees>43.560231</decimal_degrees>
                    </latitude>
                    <longitude>
                        <decimal_degrees>-6.034592</decimal_degrees>
                    </longitude>
                </entry>
                <entry id="2">
                    <latitude>
                        <decimal_degrees>43.560528</decimal_degrees>
                    </latitude>
                    <longitude>
                        <decimal_degrees>-6.035706</decimal_degrees>
                    </longitude>
                </entry>
                <entry id="3">
                    <latitude>
                        <decimal_degrees>43.560911</decimal_degrees>
                    </latitude>
                    <longitude>
                        <decimal_degrees>-6.037458</decimal_degrees>
                    </longitude>
                </entry>
                <entry id="4">
                    <latitude>
                        <decimal_degrees>43.561375</decimal_degrees>
                    </latitude>
                    <longitude>
                        <decimal_degrees>-6.037367</decimal_degrees>
                    </longitude>
                </entry>
                <entry id="5">
                    <latitude>
                        <decimal_degrees>43.56295</decimal_degrees>
                    </latitude>
                    <longitude>
                        <decimal_degrees>-6.03902</decimal_degrees>
                    </longitude>
                </entry>
            </sr>
            <sr id="PR">
                <entry id="1">
                    <latitude>
                        <decimal_degrees>43.560231</decimal_degrees>
                    </latitude>
                    <longitude>
                        <decimal_degrees>-6.034592</decimal_degrees>
                    </longitude>
                </entry>
                <entry id="2">
                    <latitude>
                        <decimal_degrees>43.560528</decimal_degrees>
                    </latitude>
                    <longitude>
                        <decimal_degrees>-6.035706</decimal_degrees>
                    </longitude>
                </entry>
                <entry id="3">
                    <latitude>
                        <decimal_degrees>43.560911</decimal_degrees>
                    </latitude>
                    <longitude>
                        <decimal_degrees>-6.037458</decimal_degrees>
                    </longitude>
                </entry>
                <entry id="4">
                    <latitude>
                        <decimal_degrees>43.561375</decimal_degrees>
                    </latitude>
                    <longitude>
                        <decimal_degrees>-6.037367</decimal_degrees>
                    </longitude>
                </entry>
                <entry id="5">
                    <latitude>
                        <decimal_degrees>43.561544</decimal_degrees>
                    </latitude>
                    <longitude>
                        <decimal_degrees>-6.037675</decimal_degrees>
                    </longitude>
                </entry>
                <entry id="6">
                    <latitude>
                        <decimal_degrees>43.561108</decimal_degrees>
                    </latitude>
                    <longitude>
                        <decimal_degrees>-6.039778</decimal_degrees>
                    </longitude>
                </entry>
                <entry id="7">
                    <latitude>
                        <decimal_degrees>43.561700</decimal_degrees>
                    </latitude>
                    <longitude>
                        <decimal_degrees>-6.041947</decimal_degrees>
                    </longitude>
                </entry>
                <entry id="8">
                    <latitude>
                        <decimal_degrees>43.563081</decimal_degrees>
                    </latitude>
                    <longitude>
                        <decimal_degrees>-6.042394</decimal_degrees>
                    </longitude>
                </entry>
                <entry id="9">
                    <latitude>
                        <decimal_degrees>43.564408</decimal_degrees>
                    </latitude>
                    <longitude>
                        <decimal_degrees>-6.047525</decimal_degrees>
                    </longitude>
                </entry>
                <entry id="10">
                    <latitude>
                        <decimal_degrees>43.564844</decimal_degrees>
                    </latitude>
                    <longitude>
                        <decimal_degrees>-6.047461</decimal_degrees>
                    </longitude>
                </entry>
                <entry id="11">
                    <latitude>
                        <decimal_degrees>43.565197</decimal_degrees>
                    </latitude>
                    <longitude>
                        <decimal_degrees>-6.047819</decimal_degrees>
                    </longitude>
                </entry>
                <entry id="12">
                    <latitude>
                        <decimal_degrees>43.56564</decimal_degrees>
                    </latitude>
                    <longitude>
                        <decimal_degrees>-6.04741</decimal_degrees>
                    </longitude>
                </entry>
            </sr>
            <sr id="PQ">
                <entry id="1">
                    <latitude>
                        <decimal_degrees>43.560231</decimal_degrees>
                    </latitude>
                    <longitude>
                        <decimal_degrees>-6.034592</decimal_degrees>
                    </longitude>
                </entry>
                <entry id="2">
                    <latitude>
                        <decimal_degrees>43.560528</decimal_degrees>
                    </latitude>
                    <longitude>
                        <decimal_degrees>-6.035706</decimal_degrees>
                    </longitude>
                </entry>
                <entry id="3">
                    <latitude>
                        <decimal_degrees>43.56201</decimal_degrees>
                    </latitude>
                    <longitude>
                        <decimal_degrees>-6.03504</decimal_degrees>
                    </longitude>
                </entry>
                <entry id="4">
                    <latitude>
                        <decimal_degrees>43.563472</decimal_degrees>
                    </latitude>
                    <longitude>
                        <decimal_degrees>-6.034372</decimal_degrees>
                    </longitude>
                </entry>
                <entry id="5">
                    <latitude>
                        <decimal_degrees>43.565361</decimal_degrees>
                    </latitude>
                    <longitude>
                        <decimal_degrees>-6.033511</decimal_degrees>
                    </longitude>
                </entry>
            </sr>
            </serviceroads>
    </movement_area>

